-- MySQL dump 10.13  Distrib 8.0.21, for Win64 (x86_64)
--
-- Host: 127.0.0.1    Database: ventas
-- ------------------------------------------------------
-- Server version	8.0.21

/*!40101 SET @OLD_CHARACTER_SET_CLIENT=@@CHARACTER_SET_CLIENT */;
/*!40101 SET @OLD_CHARACTER_SET_RESULTS=@@CHARACTER_SET_RESULTS */;
/*!40101 SET @OLD_COLLATION_CONNECTION=@@COLLATION_CONNECTION */;
/*!50503 SET NAMES utf8 */;
/*!40103 SET @OLD_TIME_ZONE=@@TIME_ZONE */;
/*!40103 SET TIME_ZONE='+00:00' */;
/*!40014 SET @OLD_UNIQUE_CHECKS=@@UNIQUE_CHECKS, UNIQUE_CHECKS=0 */;
/*!40014 SET @OLD_FOREIGN_KEY_CHECKS=@@FOREIGN_KEY_CHECKS, FOREIGN_KEY_CHECKS=0 */;
/*!40101 SET @OLD_SQL_MODE=@@SQL_MODE, SQL_MODE='NO_AUTO_VALUE_ON_ZERO' */;
/*!40111 SET @OLD_SQL_NOTES=@@SQL_NOTES, SQL_NOTES=0 */;

--
-- Table structure for table `cliente`
--

DROP TABLE IF EXISTS `cliente`;
/*!40101 SET @saved_cs_client     = @@character_set_client */;
/*!50503 SET character_set_client = utf8mb4 */;
CREATE TABLE `cliente` (
  `id` int unsigned NOT NULL AUTO_INCREMENT,
  `nombre` varchar(100) NOT NULL,
  `apellido1` varchar(100) NOT NULL,
  `apellido2` varchar(100) DEFAULT NULL,
  `ciudad` varchar(100) DEFAULT NULL,
  `categor√≠a` int unsigned DEFAULT NULL,
  PRIMARY KEY (`id`)
) ENGINE=InnoDB AUTO_INCREMENT=11 DEFAULT CHARSET=utf8mb4 COLLATE=utf8mb4_0900_ai_ci;
/*!40101 SET character_set_client = @saved_cs_client */;

--
-- Dumping data for table `cliente`
--

LOCK TABLES `cliente` WRITE;
/*!40000 ALTER TABLE `cliente` DISABLE KEYS */;
INSERT INTO `cliente` VALUES (1,'Aar√≥n','Rivero','G√≥mez','Almer√≠a',100),(2,'Adela','Salas','D√≠az','Granada',200),(3,'Adolfo','Rubio','Flores','Sevilla',NULL),(4,'Adri√°n','Su√°rez',NULL,'Ja√©n',300),(5,'Marcos','Loyola','M√©ndez','Almer√≠a',200),(6,'Mar√≠a','Santana','Moreno','C√°diz',100),(7,'Pilar','Ruiz',NULL,'Sevilla',300),(8,'Pepe','Ruiz','Santana','Huelva',200),(9,'Guillermo','L√≥pez','G√≥mez','Granada',225),(10,'Daniel','Santana','Loyola','Sevilla',125);
/*!40000 ALTER TABLE `cliente` ENABLE KEYS */;
UNLOCK TABLES;

--
-- Table structure for table `comercial`
--

DROP TABLE IF EXISTS `comercial`;
/*!40101 SET @saved_cs_client     = @@character_set_client */;
/*!50503 SET character_set_client = utf8mb4 */;
CREATE TABLE `comercial` (
  `id` int unsigned NOT NULL AUTO_INCREMENT,
  `nombre` varchar(100) NOT NULL,
  `apellido1` varchar(100) NOT NULL,
  `apellido2` varchar(100) DEFAULT NULL,
  `comisi√≥n` float DEFAULT NULL,
  PRIMARY KEY (`id`)
) ENGINE=InnoDB AUTO_INCREMENT=9 DEFAULT CHARSET=utf8mb4 COLLATE=utf8mb4_0900_ai_ci;
/*!40101 SET character_set_client = @saved_cs_client */;

--
-- Dumping data for table `comercial`
--

LOCK TABLES `comercial` WRITE;
/*!40000 ALTER TABLE `comercial` DISABLE KEYS */;
INSERT INTO `comercial` VALUES (1,'Daniel','S√°ez','Vega',0.15),(2,'Juan','G√≥mez','L√≥pez',0.13),(3,'Diego','Flores','Salas',0.11),(4,'Marta','Herrera','Gil',0.14),(5,'Antonio','Carretero','Ortega',0.12),(6,'Manuel','Dom√≠nguez','Hern√°ndez',0.13),(7,'Antonio','Vega','Hern√°ndez',0.11),(8,'Alfredo','Ruiz','Flores',0.05);
/*!40000 ALTER TABLE `comercial` ENABLE KEYS */;
UNLOCK TABLES;

--
-- Table structure for table `pedido`
--

DROP TABLE IF EXISTS `pedido`;
/*!40101 SET @saved_cs_client     = @@character_set_client */;
/*!50503 SET character_set_client = utf8mb4 */;
CREATE TABLE `pedido` (
  `id` int unsigned NOT NULL AUTO_INCREMENT,
  `total` double NOT NULL,
  `fecha` date DEFAULT NULL,
  `id_cliente` int unsigned NOT NULL,
  `id_comercial` int unsigned NOT NULL,
  PRIMARY KEY (`id`),
  KEY `id_cliente` (`id_cliente`),
  KEY `id_comercial` (`id_comercial`),
  CONSTRAINT `pedido_ibfk_1` FOREIGN KEY (`id_cliente`) REFERENCES `cliente` (`id`),
  CONSTRAINT `pedido_ibfk_2` FOREIGN KEY (`id_comercial`) REFERENCES `comercial` (`id`)
) ENGINE=InnoDB AUTO_INCREMENT=17 DEFAULT CHARSET=utf8mb4 COLLATE=utf8mb4_0900_ai_ci;
/*!40101 SET character_set_client = @saved_cs_client */;

--
-- Dumping data for table `pedido`
--

LOCK TABLES `pedido` WRITE;
/*!40000 ALTER TABLE `pedido` DISABLE KEYS */;
INSERT INTO `pedido` VALUES (1,150.5,'2017-10-05',5,2),(2,270.65,'2016-09-10',1,5),(3,65.26,'2017-10-05',2,1),(4,110.5,'2016-08-17',8,3),(5,948.5,'2017-09-10',5,2),(6,2400.6,'2016-07-27',7,1),(7,5760,'2015-09-10',2,1),(8,1983.43,'2017-10-10',4,6),(9,2480.4,'2016-10-10',8,3),(10,250.45,'2015-06-27',8,2),(11,75.29,'2016-08-17',3,7),(12,3045.6,'2017-04-25',2,1),(13,545.75,'2019-01-25',6,1),(14,145.82,'2017-02-02',6,1),(15,370.85,'2019-03-11',1,5),(16,2389.23,'2019-03-11',1,5);
/*!40000 ALTER TABLE `pedido` ENABLE KEYS */;
UNLOCK TABLES;

--
-- Table structure for table `seguridad`
--

DROP TABLE IF EXISTS `seguridad`;
/*!40101 SET @saved_cs_client     = @@character_set_client */;
/*!50503 SET character_set_client = utf8mb4 */;
CREATE TABLE `seguridad` (
  `userid` int NOT NULL,
  `ape_paterno` varchar(10) DEFAULT NULL,
  `ape_materno` varchar(10) DEFAULT NULL,
  `nombres` varchar(50) DEFAULT NULL,
  `dni` varchar(10) DEFAULT NULL,
  `fecha_alta` date DEFAULT NULL,
  `fecha_baja` date DEFAULT NULL,
  `usuario` varchar(20) DEFAULT NULL,
  `contrasena` blob,
  PRIMARY KEY (`userid`)
) ENGINE=InnoDB DEFAULT CHARSET=utf8mb4 COLLATE=utf8mb4_0900_ai_ci;
/*!40101 SET character_set_client = @saved_cs_client */;

--
-- Dumping data for table `seguridad`
--

LOCK TABLES `seguridad` WRITE;
/*!40000 ALTER TABLE `seguridad` DISABLE KEYS */;
INSERT INTO `seguridad` VALUES (1,'Quispe','Ochoa','Johan David','74572128','2021-01-10',NULL,'davidqo',_binary '›á˛˘éè\⁄<R¡•ä'),(545,'Flores','Copaja','Juan','34343434','2019-02-12',NULL,'JUANFLORES',_binary ';µF9Tu£\ÁÜ¡Ú3oÆH');
/*!40000 ALTER TABLE `seguridad` ENABLE KEYS */;
UNLOCK TABLES;

--
-- Temporary view structure for view `verpedido`
--

DROP TABLE IF EXISTS `verpedido`;
/*!50001 DROP VIEW IF EXISTS `verpedido`*/;
SET @saved_cs_client     = @@character_set_client;
/*!50503 SET character_set_client = utf8mb4 */;
/*!50001 CREATE VIEW `verpedido` AS SELECT 
 1 AS `cliente`,
 1 AS `nombre`,
 1 AS `fecha`,
 1 AS `total`*/;
SET character_set_client = @saved_cs_client;

--
-- Final view structure for view `verpedido`
--

/*!50001 DROP VIEW IF EXISTS `verpedido`*/;
/*!50001 SET @saved_cs_client          = @@character_set_client */;
/*!50001 SET @saved_cs_results         = @@character_set_results */;
/*!50001 SET @saved_col_connection     = @@collation_connection */;
/*!50001 SET character_set_client      = utf8mb4 */;
/*!50001 SET character_set_results     = utf8mb4 */;
/*!50001 SET collation_connection      = utf8mb4_0900_ai_ci */;
/*!50001 CREATE ALGORITHM=UNDEFINED */
/*!50013 DEFINER=`Curso_BD`@`localhost` SQL SECURITY DEFINER */
/*!50001 VIEW `verpedido` AS select `cliente`.`nombre` AS `cliente`,`comercial`.`nombre` AS `nombre`,`pedido`.`fecha` AS `fecha`,`pedido`.`total` AS `total` from ((`cliente` join `pedido` on((`cliente`.`id` = `pedido`.`id_cliente`))) join `comercial` on((`comercial`.`id` = `pedido`.`id_comercial`))) */;
/*!50001 SET character_set_client      = @saved_cs_client */;
/*!50001 SET character_set_results     = @saved_cs_results */;
/*!50001 SET collation_connection      = @saved_col_connection */;
/*!40103 SET TIME_ZONE=@OLD_TIME_ZONE */;

/*!40101 SET SQL_MODE=@OLD_SQL_MODE */;
/*!40014 SET FOREIGN_KEY_CHECKS=@OLD_FOREIGN_KEY_CHECKS */;
/*!40014 SET UNIQUE_CHECKS=@OLD_UNIQUE_CHECKS */;
/*!40101 SET CHARACTER_SET_CLIENT=@OLD_CHARACTER_SET_CLIENT */;
/*!40101 SET CHARACTER_SET_RESULTS=@OLD_CHARACTER_SET_RESULTS */;
/*!40101 SET COLLATION_CONNECTION=@OLD_COLLATION_CONNECTION */;
/*!40111 SET SQL_NOTES=@OLD_SQL_NOTES */;

-- Dump completed on 2021-02-03  8:44:59
